,label,probability
0,0,0.3096318890931954
1,1,3.7989517186942436e-59
2,0,1.989790856855309e-155
3,1,1.0
4,0,1.0
5,1,0.9864989626553726
6,0,8.852281036257347e-127
7,1,1.0
8,0,2.3114796995555208e-116
9,0,1.0
10,0,0.999987016176809
11,0,1.0
12,0,1.9565117936714753e-22
13,0,5.807661799658923e-24
14,0,1.0
15,1,5.125457068215041e-47
16,0,1.6466077014093706e-34
17,1,1.0
18,0,1.0
19,0,4.802265252146929e-70
20,1,1.0
21,0,5.124391566015604e-205
22,1,1.0
23,1,1.0
24,0,1.0
25,1,4.482330572701504e-52
26,0,0.9999999999977263
27,0,1.0
28,1,6.906218197013554e-193
29,0,1.0
30,1,1.0
31,1,3.946897241805735e-08
32,1,1.3606715687146496e-25
33,1,1.0
34,1,2.9778601344112847e-31
35,0,1.0
36,1,0.3896924618806146
37,1,1.0
38,1,2.2840241491774452e-91
39,0,8.317312936974414e-57
40,0,7.811661210866211e-289
41,1,1.0
42,1,1.0
43,1,1.0
44,0,1.0
45,0,1.0
46,0,1.2795954e-317
47,1,1.0
48,1,1.0
49,0,1.0
50,0,5.867269484364872e-214
51,1,1.0
52,1,1.0
53,1,1.0
54,1,1.0
55,0,7.4e-323
56,0,1.0
57,1,3.593679135808584e-110
58,1,0.9999999999732836
59,1,1.0
60,1,1.0
61,0,1.0
62,0,0.0
63,0,0.0
64,1,1.2582418734222481e-73
65,0,1.813365023279744e-26
66,1,1.0
67,0,5.303133038363798e-178
68,0,1.0
69,1,3.530464743239674e-22
70,0,1.0
71,1,1.0
72,1,2.3284136602448187e-12
73,0,1.0
74,0,0.0
75,0,1.0
76,1,1.0
77,1,2.279196453222186e-20
78,0,1.1779412518813626e-20
79,0,1.476126966908315e-279
80,0,1.2338538569942368e-67
81,0,3.0377734332772165e-261
82,1,1.0
83,0,1.0
84,1,1.0
85,1,1.0
86,1,0.23779947036466564
87,0,1.0
88,1,2.5281115381201803e-165
89,0,0.0
90,0,8.621791913393999e-224
91,1,1.0
92,1,1.5172128129679044e-45
93,1,1.0
94,1,9.823288895072674e-14
95,0,1.0
96,1,5.35631716243791e-13
97,1,1.0
98,1,1.0
99,0,1.0
100,1,1.0
101,1,1.0
102,1,2.630504715402892e-10
103,0,1.0
104,0,1.0
105,0,1.0
106,0,1.0
107,1,1.0
108,1,1.0
109,0,5.9577927063805116e-33
110,1,1.0
111,0,1.0
112,0,1.0
113,0,1.0
114,1,1.0
115,0,1.0
116,0,0.0
117,0,0.0
118,0,1.0
119,0,1.0
120,0,1.0
121,1,9.132482515327124e-39
122,0,1.0
123,1,1.0
124,1,1.0
125,0,0.9999953925705954
126,0,1.0
127,0,1.0
128,1,1.0
129,0,2.7315704376868136e-51
130,0,1.0
131,1,1.0
132,1,0.9999999999997726
133,0,1.0
134,0,1.0
135,0,3.5825454484611424e-28
136,0,1.369980966136345e-215
137,1,2.645483420051176e-46
138,0,1.0
139,1,1.0
140,0,1.0
141,0,2.4444465539038808e-46
142,0,0.9999999407681361
143,1,1.0
144,1,0.9997895601154115
145,0,5.5875887491913346e-297
146,0,9.313586049145271e-180
147,1,1.0
148,0,2.5350998062299854e-210
149,1,1.0
150,0,1.0
151,1,1.0
152,1,1.0
153,0,6.956108467389483e-38
154,1,1.0
155,1,6.015129051486964e-13
156,1,1.0
157,0,1.0
158,0,1.0
159,1,1.2170796479265955e-08
160,1,1.0
161,1,1.0
162,0,4.790238709440975e-209
163,1,1.0
164,1,1.0
165,0,1.0
166,0,8.640211080137026e-174
167,0,3.4143445052424914e-222
168,0,1.0
169,0,1.0
170,1,1.0
171,0,1.0
172,1,1.0
173,0,1.823280521951315e-31
174,0,1.0
175,1,2.4509534648760918e-17
176,0,0.0
177,0,4.9506740952837586e-147
178,0,1.0
179,0,1.0
180,0,2.898027652605017e-175
181,0,1.54152371858081e-36
182,0,3.605970690286367e-184
183,1,0.9998465822347335
184,1,3.9773360759744516e-45
185,0,1.0
186,1,1.0
187,0,7.90789551474935e-233
188,1,1.0
189,0,1.3713867045495645e-212
190,0,1.0
191,1,1.0
192,1,5.862549761501271e-10
193,0,1.0
194,0,0.008216829069864519
195,0,1.0
196,0,0.0
197,1,1.0
198,0,3.6170402886771058e-09
199,0,2.257380258849418e-115
200,0,1.0
201,0,7.993113783634547e-180
202,0,1.0
203,1,1.0
204,1,1.2995931405759732e-27
205,0,1.490749748618114e-109
206,0,1.0
207,0,1.0
208,0,1.304307457262577e-21
209,0,1.6587539246189452e-189
210,0,1.0
211,0,1.0
212,0,1.0
213,1,1.0
214,1,1.0
215,1,1.0
216,0,1.0
217,0,1.3659455808968978e-59
218,1,1.0
219,0,8.966005428170465e-34
220,0,1.0
221,1,1.0
222,1,0.9959012103871834
223,1,2.076064388304898e-231
224,1,3.42074882970983e-110
225,1,8.78195887253562e-72
226,0,2.8795861596246955e-176
227,1,1.0
228,0,1.0
229,1,1.0
230,1,1.0
231,1,1.0
232,1,1.0
233,1,1.0
234,1,1.0
235,0,1.0
236,0,1.9775754966800356e-71
237,0,1.0
238,0,1.0
239,1,1.0
240,0,1.0
241,0,0.7443299525478447
242,1,1.0
243,1,1.0
244,1,1.7101581023278682e-06
245,1,0.9999999683287802
246,1,8.541739906877628e-25
247,1,1.0
248,0,1.0
249,0,1.0
250,0,1.0
251,0,1.0
252,0,2.40827094241951e-298
253,0,4.545155086536283e-100
254,0,1.0
255,0,1.4143886757457174e-203
256,0,0.0
257,0,1.0
258,0,1.0
259,0,1.0
260,1,1.0
261,1,7.257404294394499e-25
262,0,1.0
263,0,1.0
264,0,0.0
265,1,1.2016709580138053e-271
266,1,2.4833608598295287e-12
267,1,1.0
268,0,1.0
269,1,1.0
270,1,3.6214187242677117e-10
271,0,0.9999963851934659
272,0,3.217389392923708e-102
273,0,0.0
274,0,1.4490860731943785e-27
275,0,1.9675691208245894e-57
276,0,1.0
277,1,1.0
278,1,1.0
279,0,1.0
280,0,1.0
281,0,1.566555931891045e-50
282,1,4.73825768832665e-37
283,1,2.899612062903359e-91
284,0,1.0
285,1,1.0
286,1,1.0
287,0,1.769759084507886e-09
288,0,6.774560574447064e-103
289,1,1.0
290,1,1.0
291,1,0.9978911597040037
292,1,1.0
293,1,9.843523544132644e-43
294,0,0.004131236254630795
295,0,1.0
296,0,1.0
297,0,0.0
298,1,1.0
299,0,1.0
300,0,2.613682319870429e-228
301,0,5.93781828276886e-31
302,0,6.398241188053958e-195
303,0,1.0
304,1,1.0
305,0,1.0
306,0,1.0
307,1,1.0
308,1,1.0
309,0,6.911176420999468e-27
310,0,1.0
311,0,1.2463410656443054e-165
312,0,2.614280506355633e-39
313,0,1.0
314,0,5e-322
315,0,1.3465142453232125e-302
316,1,1.0
317,1,1.0
318,1,1.0
319,1,1.0
320,1,1.0
321,1,1.0
322,1,1.0
323,0,1.0
324,1,1.0
325,1,1.0517808719447556e-63
326,1,1.0
327,1,1.0
328,1,0.47547664772865483
329,0,3.2431764172151315e-215
330,1,1.0
331,1,9.383919555071155e-54
332,0,1.0
333,1,1.0
334,0,1.0
335,0,3.9004786216119454e-73
336,1,1.0
337,1,1.0
338,0,1.0
339,0,1.0
340,0,1.0
341,0,0.0
342,0,2.927339385862608e-200
343,0,1.0
344,1,1.0
345,0,1.0
346,0,1.0
347,0,0.0
348,1,3.5337341807836674e-39
349,0,1.0
350,0,1.0
351,0,1.3343588357142312e-113
352,1,1.0
353,0,1.0
354,0,1.0
355,0,1.0
356,0,3.1867447090739546e-14
357,1,1.959639815654793e-40
358,0,1.0
359,0,1.0
360,0,1.066182957937188e-39
361,1,1.0
362,0,7.161849568126353e-39
363,0,2.1075546e-317
364,1,1.0
365,0,1.0
366,1,3.6174126900704993e-57
367,1,1.0
368,0,1.541863753547815e-58
369,1,1.0
370,1,1.2433050794808876e-18
371,1,6.4850319908071e-241
372,0,1.0
373,0,0.0
374,0,1.0
375,1,1.0
376,0,1.0
377,1,8.343284914154732e-64
378,1,1.0
379,0,1.5366876354859987e-13
380,1,1.0
381,0,1.0
382,0,1.0
383,0,0.0
384,1,1.0
385,1,4.945403571230809e-38
386,0,1.0
387,0,0.9999996544607399
388,1,1.798915090420942e-39
389,0,1.0
390,0,1.0
391,0,1.0
392,0,1.92364312894464e-44
393,1,1.0
394,1,0.9999991632322552
395,1,1.0
396,0,1.0
397,0,0.0
398,0,6.875348211148979e-84
399,0,1.0
400,1,0.9999962162851221
401,1,1.0
402,1,1.0
403,1,1.0
404,0,0.0
405,1,1.0
406,1,1.0
407,0,1.8038525942305004e-294
408,0,1.880988884364843e-145
409,0,1.0
410,0,1.0
411,0,5.3389780417903035e-62
412,1,0.02795135054290665
413,0,1.0
414,0,2.7729546297905496e-307
415,0,1.0
416,0,1.0
417,0,0.0
418,0,1.0
419,0,0.0
420,1,1.0
421,0,3.663720425961274e-154
422,1,1.0
423,0,0.9990054272168952
424,1,1.0
425,1,1.9229699372040214e-31
426,1,1.0
427,1,1.0
428,1,1.0
429,0,5.512720271860548e-201
430,0,1.0
431,0,1.0
432,1,1.0
433,1,1.0
434,1,1.0
435,1,1.316731789447721e-36
436,0,1.0
437,0,4.206770063754714e-175
438,0,9.306963870887279e-83
439,1,6.07558539582799e-188
440,0,1.0
441,1,1.0
442,0,3.375874245646918e-24
443,1,3.319294796658916e-118
444,1,1.0
445,0,1.0
446,0,1.0
447,0,1.0
448,0,2.5691736228899014e-237
449,1,1.0
450,1,0.9999987046991667
451,1,1.0
452,1,1.0
453,0,1.0
454,0,3.781321515749756e-27
455,0,0.0
456,1,1.0
457,1,1.3232100277237206e-186
458,1,1.0
459,0,4.823031166421426e-152
460,0,1.0
461,1,1.0
462,0,2.757527063018966e-21
463,1,1.0
464,0,7.237343923001932e-23
465,0,1.0
466,0,1.3981397943337084e-35
467,1,1.0
468,0,1.0
469,0,2.9045325508562157e-54
470,0,0.0
471,0,7.953207479701053e-177
472,0,1.0
473,1,7.095887850654381e-44
474,1,1.0
475,0,1.0
476,0,4.825732807842585e-65
477,1,1.0
478,1,1.0
479,1,2.0764564956019197e-07
480,0,1.8746433471979933e-307
481,0,1.0
482,1,8.177782781828239e-75
483,1,5.710626281225936e-134
484,1,1.0
485,1,4.724218844884978e-08
486,1,1.0
487,0,1.0
488,0,1.0
489,1,2.600065038247558e-25
490,0,1.0
491,1,1.6940136051708607e-49
492,1,1.0
493,1,1.0
494,1,4.079955439135231e-44
495,1,1.0
496,0,2.0645559103361244e-113
497,0,1.0
498,1,1.0
499,0,0.0
500,0,1.0
501,0,1.0
502,1,1.0
503,1,1.0
504,1,1.0
505,0,1.0
506,0,1.0
507,1,1.0
508,0,1.0
509,1,1.0
510,1,0.9999999992479616
511,1,1.0
512,0,1.0
513,0,1.1640580123153592e-43
514,0,6.862464941418913e-26
515,0,0.0
516,1,2.647444151060507e-07
517,1,2.7079417440764114e-16
518,1,5.2415660788978324e-55
519,1,1.0
520,1,1.0
521,0,1.0
522,0,1.1398864596848535e-65
523,0,3.2849742896885136e-27
524,1,1.0
525,1,1.0
526,1,1.0
527,0,2.39504051173639e-38
528,0,4.0319754517416295e-70
529,1,2.2718076464398407e-23
530,0,1.0
531,0,0.9999993386689907
532,0,4.1594935617e-313
533,0,1.0
534,1,1.0
535,1,1.0
536,1,1.0
537,0,8.987606689872576e-304
538,0,4.6280834687818506e-170
539,0,1.0
540,1,1.0
541,0,1.9270730381210467e-103
542,1,1.0
543,0,0.999999998061412
544,1,3.408168848662018e-07
545,0,1.0
546,1,1.0
547,0,5.9266832194257424e-27
548,1,1.0
549,1,1.0
550,1,1.0
551,1,1.0
552,0,1.0
553,0,1.0
554,0,1.0
555,0,0.0
556,0,6.6e-322
557,0,2.358736947214116e-21
558,0,1.0
559,1,1.0
560,1,1.0
561,1,1.0
562,1,0.9977613584681878
563,0,4.490661956004069e-99
564,0,1.0
565,1,8.717182388788985e-44
566,1,1.1827262104547445e-69
567,1,1.0
568,0,4.2405701567842654e-166
569,0,3.694826174e-314
570,1,1.0
571,0,9.768597693106382e-204
572,0,1.0
573,0,1.5459794582168525e-71
574,0,1.0
575,1,9.532981143318983e-20
576,1,1.0
577,1,1.0
578,0,1.0
579,1,1.0
580,0,1.0
581,0,1.0
582,1,7.093375097914067e-48
583,0,1.0
584,0,1.0
585,1,2.5122355721982498e-09
586,1,1.0
587,0,1.0
588,1,1.0
589,0,1.0
590,1,1.0
591,0,0.0
592,1,1.0
593,0,2.5567321586810055e-57
594,1,3.4686018243805655e-67
595,1,1.0
596,1,1.0
597,0,6.95092481096815e-66
598,0,1.0
599,1,1.0
600,1,1.0
601,1,1.0
602,1,2.969599855891472e-65
603,1,1.0
604,0,0.0
605,0,1.0
606,0,6.560430411363253e-87
607,1,3.1600227190088672e-58
608,0,1.0
609,1,0.999819943104958
610,1,1.0
611,1,1.0
612,0,1.3491627718448808e-07
613,1,1.0
614,0,2.1206808344659234e-171
615,1,1.0
616,0,1.0
617,0,1.0
618,0,1.0
619,1,1.0
620,1,2.2937531958899244e-46
621,1,1.0
622,1,1.0
623,0,1.0
624,1,1.0
625,0,1.0
626,0,0.9999927275856186
627,1,1.0
628,0,5.874493782663194e-25
629,1,1.2160900739531494e-125
630,1,5.456745979657672e-37
631,0,1.0
632,0,1.0
633,0,0.4656373184022344
634,1,1.4839013004354644e-193
635,0,2.829790521244832e-307
636,1,1.0
637,0,1.9822577067181317e-96
638,1,1.0
639,0,2.5648004063831847e-71
640,0,1.0
641,0,1.0
642,0,1.0
643,1,4.100021629577363e-15
644,0,1.0
645,0,2.977482476094246e-61
646,1,1.0
647,0,1.0
648,1,1.0
649,1,3.264957641828306e-149
650,0,1.0
651,0,8.398928135387276e-87
652,0,1.9840601435505593e-115
653,0,0.0
654,1,2.859264482281777e-65
655,1,0.9981581229210785
656,0,2.4727646686845935e-75
657,1,1.6278508309393097e-11
658,0,1.3210843750534689e-73
659,1,3.45915217308103e-269
660,0,1.0
661,1,1.0
662,0,1.5145040866218023e-213
663,1,1.0
664,0,0.0
665,1,1.0
666,1,1.0
667,0,1.0
668,0,0.34754797444555424
669,1,1.0
670,0,1.0
671,1,1.0
672,1,1.0
673,0,0.0
674,1,1.0
675,0,9.891963165143855e-115
676,0,9.223600505459399e-21
677,0,0.9999999997664872
678,0,1.87594737069633e-44
679,1,1.0
680,0,3.5930801547695175e-66
681,1,8.30802643225802e-57
682,0,1.0
683,1,1.0
684,1,1.0
685,1,1.0
686,0,1.0
687,1,1.2638422599063693e-201
688,1,6.297126264018022e-77
689,1,2.0466011469477593e-25
690,1,9.443289366386145e-20
691,0,1.0
692,0,2.9036824325184436e-200
693,0,1.0
694,1,1.0
695,0,9.264647187513963e-70
696,1,1.0
697,0,1.0
698,1,1.0
699,1,1.0
700,1,1.8388110538029256e-11
701,1,1.0
702,1,1.0
703,1,1.0
704,0,1.0
705,0,1.0524610834747711e-159
706,0,1.0
707,0,0.9999999999995453
708,0,1.2671207599393537e-37
709,0,1.0
710,1,1.0
711,0,2.530283829007176e-34
712,0,5.729983149747606e-89
713,1,1.0
714,0,1.8428360496556792e-182
715,0,1.0
716,0,1.0769384237949585e-30
717,1,4.4387084783435577e-20
718,0,1.0
719,1,1.0
720,1,1.0
721,0,0.9999999793506051
722,1,2.0320907706273357e-28
723,0,0.9914388777237686
724,0,1.1796515218441485e-82
725,0,0.9949131538389925
726,1,1.0
727,0,1.0
728,1,1.0
729,1,1.6067216146880935e-17
730,1,1.0
731,1,1.0
732,0,1.0
733,1,1.0
734,1,2.2317600147828836e-09
735,0,0.0033463098190999446
736,1,1.0
737,0,6.6222562299265025e-75
738,1,1.0
739,0,1.0
740,0,1.0
741,0,1.0
742,0,1.0
743,1,2.7606595729470045e-07
744,1,1.0
745,1,1.0
746,1,9.190640422222699e-101
747,0,0.9999779044898343
748,0,1.0
749,1,9.796999546611652e-71
750,1,2.186151043172578e-12
751,0,1.0
752,1,0.49994092371487003
753,1,1.0
754,0,1.0
755,0,1.0
756,1,1.0
757,1,1.0
758,0,1.0
759,1,1.0
760,0,0.0
761,1,1.0
762,1,1.0
763,1,1.2104554874413392e-28
764,0,1.0
765,1,1.0
766,1,1.0
767,0,9.7886964273784e-310
768,1,1.9346596610411548e-47
769,1,1.0
770,1,1.0
771,1,1.0
772,1,1.0
773,1,1.0
774,0,2.582872570072231e-10
775,0,1.0
776,1,1.0
777,1,1.0
778,0,1.0
779,0,1.0
780,1,1.0
781,0,0.04073913882804617
782,0,1.0
783,1,1.0
784,0,1.529027468993791e-34
785,1,0.9999319997044342
786,0,4.246091499338625e-28
787,0,7.655675071436502e-20
788,1,1.3503902757042346e-10
789,1,1.5561688172405315e-219
790,1,1.0
791,0,1.0
792,0,5.8087946528e-313
793,0,1.7138593917448037e-19
794,0,1.0
795,0,1.0
796,1,5.45791003038385e-19
797,0,2.3231044253925552e-248
798,0,1.0
799,0,1.0
800,0,0.9999999094631035
801,0,1.0
802,0,3.537994774618047e-300
803,1,1.607563913309391e-195
804,0,1.0
805,0,4.0113358176294253e-23
806,1,3.3011475159195508e-15
807,0,1.0
808,1,1.0
809,1,1.0
810,1,2.5708595780583387e-08
811,1,1.147528959623077e-19
812,0,2.3867438851824438e-54
813,0,1.0
814,1,1.0
815,1,1.0
816,1,1.0
817,1,1.0
818,0,2.388817355343617e-19
819,1,1.0
820,1,1.0
821,1,1.0
822,1,1.0
823,1,1.0
824,1,0.0014043898762980303
825,1,3.8619235575350324e-77
826,0,1.0
827,1,1.635594327636097e-12
828,1,4.321744609950301e-81
829,1,1.0
830,1,8.915683381252898e-28
831,0,5.769023534691685e-231
832,1,1.0
833,0,1.0
834,1,1.0
835,0,1.5092475226550013e-65
836,0,1.0
837,0,0.9998157721244796
838,1,1.0
839,0,0.9999981366934514
840,0,1.0
841,1,2.6769573545170336e-36
842,1,0.0
843,0,1.5972008553017804e-13
844,1,0.9172832747332685
845,1,1.0
846,0,2.0732833672430604e-95
847,0,0.9899888076981205
848,1,1.0
849,1,1.0
850,0,1.270117036440423e-12
851,0,6.545611542852205e-100
852,0,1.1538556734609082e-25
853,0,1.0
854,0,1.0
855,0,1.0
856,1,1.0
857,1,1.0
858,0,1.0
859,1,4.364839511264153e-180
860,0,1.0
861,1,3.4154087867559846e-40
862,1,1.0
863,0,1.0
864,1,2.8817520884359543e-92
865,1,1.0
866,1,4.045604678013476e-75
867,1,1.0
868,1,1.0
869,1,1.0
870,0,1.061751191078872e-166
871,0,1.0
872,1,1.5214182683514927e-105
873,1,0.0770695014990983
874,1,1.0
875,1,1.0
876,0,1.0
877,0,1.0
878,0,1.0
879,1,2.3928867261329634e-57
880,0,8.991205693315808e-30
881,0,1.5480485110590125e-195
882,0,1.355895398547988e-154
883,0,0.9999976057999005
884,1,1.0
885,0,1.0
886,0,6.601940555793207e-187
887,0,0.21097270520134456
888,0,2.903880323645579e-86
889,0,1.3837513518531729e-182
890,0,5.19339e-318
891,1,1.0
892,1,2.9335643522772817e-172
893,1,1.0
894,1,1.0
895,0,4.143859535370146e-297
896,0,0.999981563227718
897,1,1.0
898,0,0.0
899,1,1.0
900,0,1.0
901,0,1.0
902,0,1.0
903,1,1.0
904,1,3.797856344215248e-41
905,1,1.0
906,0,0.0
907,1,1.0
908,1,1.0
909,1,1.0
910,1,1.0
911,1,1.0
912,0,1.0
913,1,1.0
914,0,1.0
915,1,1.0
916,0,1.478628049068702e-141
917,0,1.0
918,0,1.0
919,1,2.1088084022351628e-15
920,1,1.0
921,1,1.0
922,1,1.0
923,1,1.0
924,0,1.581752140547873e-84
925,0,2.8020903027528386e-38
926,0,5.345627574886365e-25
927,1,1.0
928,0,7.930792242820957e-69
929,0,7.55806652379738e-80
930,0,1.0
931,0,1.0
932,0,0.9995124031267675
933,1,1.0
934,0,1.0
935,1,1.0
936,1,1.0
937,1,1.0
938,1,0.9999993984169568
939,0,7.164083722442986e-209
940,0,2.1491517688281054e-19
941,1,1.0
942,0,1.0
943,1,2.838271450221418e-51
944,0,1.0
945,1,1.0
946,1,1.0
947,1,2.1136795507115945e-41
948,1,1.0
949,0,1.0
950,0,1.6303878968506838e-168
951,1,8.568556251916806e-171
952,1,4.766798599476933e-235
953,1,3.444350357831017e-138
954,1,1.0
955,0,1.0
956,1,1.0
957,1,1.0
958,1,1.0
959,1,1.923084214200846e-70
960,0,1.0
961,1,1.0
962,1,1.6542921180594068e-21
963,1,7.809168611479406e-18
964,1,1.0
965,0,1.0
966,0,1.0
967,1,1.2417088079014546e-78
968,1,1.0
969,1,1.0
970,0,1.0
971,0,1.0
972,0,1.0
973,1,1.0
974,1,1.0
975,1,1.0
976,1,1.0
977,0,1.0100942148604055e-12
978,1,1.0
979,0,3.142515876183189e-196
980,0,1.0
981,1,1.0
982,0,1.0
983,1,2.642033432590001e-41
984,0,7.0540512574663e-210
985,1,1.0
986,0,1.0
987,0,1.0
988,0,1.061409885965114e-29
989,1,5.305741867615546e-37
990,1,1.0
991,1,1.0
992,1,1.0
993,1,1.0
994,0,0.0
995,0,1.0
996,1,1.0
997,0,1.0
998,0,1.0
999,0,3.078054138425417e-81
1000,0,1.0
1001,1,1.0
1002,1,0.35962157926488864
1003,0,1.0
1004,0,1.0
1005,0,0.9999631259236321
1006,0,0.9999724807697404
1007,1,1.1172816890482726e-93
1008,0,0.9999999999994316
1009,1,4.1847151169404876e-13
1010,0,1.0
1011,1,2.135855980366533e-65
1012,0,1.0
1013,0,1.0
1014,0,0.0
1015,0,1.8837908517340536e-33
1016,0,0.9999994823625887
1017,1,1.0
1018,0,0.0003974385366787126
1019,1,1.0
1020,1,1.0
1021,1,1.0
1022,1,1.0
1023,1,1.0
1024,1,1.0
1025,0,1.0
1026,1,2.133901239822284e-157
1027,1,1.0
1028,1,1.7886700426373988e-49
1029,0,7.429704935907063e-206
1030,0,1.898689982913074e-98
1031,1,1.0
1032,0,1.0
1033,0,1.0
1034,0,1.0
1035,1,3.781456412781111e-34
1036,1,2.6104017197931664e-25
1037,1,1.0
1038,1,4.778143712225639e-11
1039,0,4.778015659637968e-36
1040,1,1.0
1041,1,0.9999998631652809
1042,1,3.530454248418855e-23
1043,1,1.7820684457197382e-31
1044,1,1.0
1045,0,1.0
1046,1,1.0606641345243637e-20
1047,0,1.5302843068329874e-99
1048,0,1.0
1049,0,9.977752626826027e-116
1050,0,1.0
1051,0,0.9999999999189413
1052,1,1.0
1053,0,2.9033085741515237e-31
1054,1,1.0
1055,1,1.0
1056,0,1.0
1057,1,1.0
1058,0,1.0
1059,1,1.0
1060,0,1.0
1061,1,1.0
1062,1,1.0
1063,1,1.0
1064,0,1.0
1065,0,1.0
1066,0,1.0
1067,1,1.0
1068,0,2.2264238575703803e-66
1069,1,1.0
1070,0,1.190999818835167e-189
1071,0,1.0
1072,1,1.0
1073,0,6.346305291645235e-72
1074,1,1.0
1075,1,0.9999999996080078
1076,0,0.9999999641760275
1077,1,1.0
1078,1,1.0
1079,1,1.0
1080,0,1.0
1081,0,1.0
1082,1,1.0
1083,1,1.0
1084,1,1.449494424268065e-27
1085,0,1.0
1086,1,6.747982241789577e-163
1087,1,1.0
1088,1,1.0
1089,0,0.988620488714484
1090,1,1.0
1091,1,0.9999998824361069
1092,0,1.0
1093,0,1.0
1094,1,1.0
1095,1,1.0
1096,1,1.0
1097,0,6.83131176787059e-26
1098,1,1.0
1099,0,1.0
1100,0,0.9999999996192628
1101,1,4.9645390739286075e-93
1102,1,1.0
1103,1,1.0
1104,0,1.0
1105,1,1.0
1106,0,0.8817829807454808
1107,1,1.0
1108,0,1.0
1109,1,1.0
1110,1,8.9294040250546e-40
1111,0,1.0
1112,0,1.0
1113,1,9.689241077458253e-26
1114,0,1.0
1115,1,1.0
1116,0,1.0
1117,1,1.0
1118,1,1.0
1119,1,1.0
1120,0,1.0
1121,1,1.0
1122,0,1.0
1123,1,1.0
1124,0,1.0
1125,1,1.0
1126,0,1.0
1127,1,1.0
1128,0,1.683154387014e-311
1129,0,4.3852855578318025e-205
1130,1,1.0
1131,0,1.0
1132,0,0.9999999999969305
1133,1,1.6070641599244277e-55
1134,0,1.0
1135,1,1.0
1136,1,1.0
1137,0,0.9999998622461229
1138,1,1.0
1139,0,1.0
1140,0,1.0
1141,0,1.0
1142,1,1.0
1143,0,5.265699789288532e-166
1144,1,1.0
1145,0,1.0
1146,1,1.0
1147,0,7.69140233459519e-188
1148,1,4.093849023672963e-69
1149,1,7.617202166840143e-103
1150,1,1.2457666320605127e-15
1151,0,3.9404298206225947e-166
1152,0,1.0
1153,1,0.9999999999972715
1154,1,1.0224808346802036e-06
1155,1,1.0
1156,1,1.0
1157,0,7.044706337366763e-49
1158,1,1.0
1159,1,1.0
1160,0,1.0
1161,1,1.0
1162,0,1.0
1163,1,9.92290533662288e-78
1164,0,0.9999999875178673
1165,1,1.0
1166,1,1.0
1167,1,1.0
1168,0,4.750006920105391e-187
1169,1,1.0
1170,0,0.0
1171,1,1.0
1172,0,1.0
1173,1,1.0
1174,1,1.0
1175,0,4.8837362535818523e-57
1176,0,0.9999999886848627
1177,1,4.935049279189113e-10
1178,0,0.0
1179,0,1.0
1180,0,1.0
1181,1,1.0
1182,1,1.0
1183,0,1.0
1184,0,0.5389000090737547
1185,1,1.0
1186,1,1.1754348195754187e-15
1187,0,1.0
1188,0,3.720102400039005e-103
1189,0,1.0
1190,1,0.9999987588852007
1191,0,1.0
1192,0,1.0
1193,0,1.0
1194,1,1.0
1195,1,1.0
1196,0,4.1099379279244674e-27
1197,0,1.717529478670851e-78
1198,0,1.7255840965977486e-175
1199,0,0.9991962304502009
1200,0,0.9999997200066383
1201,0,1.2329957697622686e-33
1202,0,0.8842693780150956
1203,1,1.0
1204,0,3.889648750294017e-78
1205,1,6.512553843249656e-99
1206,0,3.873521642167026e-181
1207,0,1.0
1208,1,1.0
1209,1,1.0
1210,0,1.0
1211,0,6.915520295754729e-305
1212,0,9.983671712213767e-15
1213,0,1.0
1214,0,0.22352476417960815
1215,1,7.446180590167413e-189
1216,0,9.333e-321
1217,0,2.89069997159903e-306
1218,1,1.0
1219,0,2.276192470267407e-192
1220,0,0.9999857699724072
1221,0,0.0
1222,1,2.2937531958899244e-46
1223,1,4.055498459894635e-55
1224,0,1.0
1225,0,1.0
1226,1,1.0
1227,0,1.0
1228,1,2.427917201770821e-112
1229,1,1.0
1230,1,1.0
1231,1,2.7764391866258356e-92
1232,1,1.0
1233,0,1.0
1234,1,1.0
1235,0,1.0
1236,0,3.810600360171567e-73
1237,0,0.9999996291442818
1238,1,1.0
1239,0,1.0
1240,1,2.9394950453942284e-21
1241,1,5.657736540524989e-71
1242,1,1.0
1243,0,1.0
1244,0,3.423862836484134e-17
1245,0,1.0
1246,0,2.7607770549103033e-110
1247,0,1.4239884774053154e-71
1248,0,1.0
1249,1,1.0
1250,1,1.0
1251,1,1.0
1252,1,1.7373204239010032e-60
1253,0,1.0
1254,0,1.0
1255,0,2.4757997552573145e-27
1256,0,1.0
1257,0,0.9999997040231831
1258,0,1.0
1259,0,0.9961376837375366
1260,1,1.0
1261,1,1.0
1262,1,0.9999017673799675
1263,0,1.0
1264,0,0.0
1265,0,1.0
1266,1,1.0
1267,0,5.884092e-317
1268,0,1.0
1269,1,1.0
1270,0,1.0
1271,0,0.9999999999992042
1272,1,1.0
1273,1,1.0
1274,1,1.0
1275,1,1.0
1276,1,1.0
1277,1,1.0
1278,0,1.0
1279,0,1.6307973705799095e-195
1280,0,1.1643496519716873e-10
1281,1,1.0
1282,1,7.503515075629517e-64
1283,1,1.0
1284,1,9.841167713516181e-51
1285,0,4.340645176039583e-27
1286,0,1.0
1287,0,1.0
1288,1,3.2141267336282526e-12
1289,1,3.777180213949997e-59
1290,0,1.0
1291,1,1.0
1292,1,1.0
1293,1,1.0
1294,1,1.0
1295,1,1.0
1296,1,1.0
1297,1,0.9999999999656666
1298,0,1.0
1299,1,1.0
1300,1,7.205313810243949e-16
1301,0,6.260397799242933e-32
1302,1,1.5474745270041175e-26
1303,1,0.12766699042495352
1304,1,1.0
1305,0,1.0
1306,1,3.183301837678254e-98
1307,0,0.9817435787175023
1308,0,5.205190324987716e-66
1309,0,8.878310833883743e-297
1310,0,2.175156079002018e-146
1311,0,1.0
1312,0,1.0
1313,1,6.5879586142615245e-59
1314,0,1.0
1315,0,1.8502540822968662e-66
1316,0,3.736475229892694e-215
1317,1,1.0
1318,1,5.362804569433478e-28
1319,0,8.171994785951197e-253
1320,0,1.0
1321,1,1.0
1322,1,1.0
1323,0,1.0
1324,0,1.0
1325,1,3.708963625262344e-67
1326,0,1.8674172583463085e-46
1327,0,1.0
1328,1,3.038793718050766e-59
1329,1,1.0
1330,0,1.0
1331,0,1.0
1332,1,1.0
1333,1,1.0
1334,0,9.193419702301268e-109
1335,0,1.5229610168024776e-07
1336,1,1.0
1337,0,1.0
1338,0,1.0
1339,0,1.0
1340,1,1.0
1341,0,1.0998657887733389e-51
1342,0,1.0
1343,1,1.0
1344,1,1.0
1345,0,2.7947996184787934e-220
1346,0,1.0
1347,1,3.9844391722982975e-68
1348,1,0.9896505170802078
1349,1,6.85803256540869e-22
1350,0,1.0
1351,1,5.199554790181447e-29
1352,0,1.1586693124907982e-115
1353,1,1.0
1354,1,1.0
1355,1,1.0
1356,0,4.5324445890782036e-210
1357,0,3.4619095606033105e-197
1358,1,1.0
1359,1,4.788017038231833e-63
1360,0,1.0
1361,0,1.3640737167797213e-51
1362,1,1.4110752713470218e-14
1363,1,1.0
1364,0,1.0
1365,1,1.2882299264687882e-30
1366,1,2.671338883928891e-181
1367,0,1.0
1368,1,1.0
1369,0,3.914287634890737e-11
1370,1,1.0
1371,1,1.0
1372,0,0.9999999986112016
1373,0,1.0
1374,1,3.11876010345152e-93
1375,1,1.0
1376,1,1.0
1377,0,1.0
1378,1,1.0
1379,0,4.803109858974082e-28
1380,1,9.886597247376368e-25
1381,1,1.0
1382,1,1.0
1383,1,6.3774613571715166e-09
1384,0,5.961700497823055e-182
1385,0,1.0
1386,1,1.0
1387,1,1.0
1388,0,9.868136912955781e-14
1389,0,1.0
1390,0,1.0
1391,1,1.0
1392,0,8.981293200824438e-28
1393,1,1.0
1394,0,9.415130227396416e-44
1395,1,0.001437891538554271
1396,0,1.0
1397,0,0.0
1398,0,2.220806588164591e-59
1399,1,1.0
1400,1,1.0
1401,1,6.731773413430222e-37
1402,1,1.0
1403,0,1.8771837713905705e-71
1404,1,1.0
1405,1,1.0
1406,1,0.9999494497277327
1407,0,0.9999999999929514
1408,0,3.0049241497814814e-13
1409,0,0.9999999996247197
1410,0,1.4111447141688265e-182
1411,0,1.0
1412,0,1.4127055289051568e-148
1413,0,1.0
1414,1,1.0
1415,0,1.0
1416,1,1.0
1417,1,1.4880261778068923e-136
1418,1,1.0
1419,0,1.2034828960168215e-129
1420,0,1.0
1421,1,1.0
1422,0,6.160879064966561e-75
1423,0,0.9999410550490944
1424,0,1.0
1425,1,1.0
1426,0,1.6977552944835358e-60
1427,1,1.0
1428,0,1.0
1429,0,0.0
1430,1,1.0
1431,1,1.0
1432,0,1.0
1433,0,1.0
1434,0,0.007256054594472221
1435,0,0.0
1436,1,1.0
1437,1,1.0
1438,0,1.0
1439,0,0.0
1440,0,1.0
1441,0,5.032530272675505e-220
1442,1,0.03962790872209169
1443,0,0.0
1444,0,1.0
1445,0,1.0
1446,1,1.0
1447,0,0.0
1448,1,1.0
1449,1,1.0
1450,1,1.0
1451,0,1.0
1452,0,5.963937312316576e-252
1453,0,5.153259347149549e-60
1454,1,1.0
1455,1,1.1496499505704223e-23
1456,1,1.0
1457,0,1.0
1458,1,1.0
1459,1,1.3056195973668663e-15
1460,0,6.082915109124118e-227
1461,0,5.856411682660091e-16
1462,1,1.0
1463,1,8.988772221204402e-16
1464,1,1.0
1465,0,1.4245903102890106e-254
1466,1,7.966011820327469e-35
1467,0,8.011764514423402e-78
1468,1,7.409793345770907e-32
1469,0,0.0
1470,1,1.327977152174425e-183
1471,1,1.0
1472,0,1.0
1473,1,1.0
1474,0,1.0
1475,1,1.0
1476,1,3.404034950765372e-44
1477,0,1.0
1478,1,1.0
1479,1,1.0
1480,1,1.0
1481,1,4.1836489082217586e-09
1482,0,1.4115e-320
1483,1,1.0
1484,1,1.0
1485,1,0.9999999949060339
1486,0,2.00632386e-316
1487,0,1.0
1488,0,4.560073014970372e-224
1489,0,9.851397540544168e-25
1490,1,1.0
1491,1,8.76597678509194e-169
1492,0,2.3852243955516552e-24
1493,1,9.189738343194054e-13
1494,1,1.0
1495,1,5.534772595518806e-57
1496,1,1.0
1497,0,0.0
1498,1,1.0
1499,1,7.772787564708702e-27
1500,1,1.0
1501,0,1.0
1502,0,0.999999987504907
1503,0,3.027225913586075e-36
1504,1,1.0
1505,1,1.0
1506,1,1.0
1507,0,1.0
1508,0,1.0
1509,0,1.0
1510,0,7.063956652336675e-36
1511,0,5.990191149502776e-06
1512,0,1.0
1513,1,1.0
1514,1,1.0
1515,1,1.0
1516,1,0.07180757937491394
1517,0,6.1575974912942e-174
1518,0,2.744502487447442e-25
1519,0,1.0
1520,1,1.0
1521,0,2.9761157948341114e-52
1522,1,1.0
1523,1,1.0
1524,1,7.785100052176628e-31
1525,0,1.0
1526,0,0.0456710812336006
1527,1,1.0
1528,0,1.0
1529,1,3.644122918835611e-73
1530,1,1.0
1531,0,1.0
1532,1,3.148270927839726e-14
1533,0,0.9999999999911324
1534,0,9.558170676040815e-08
1535,0,1.0
1536,1,1.0
1537,1,1.0
1538,0,1.0
1539,1,1.0
1540,0,1.0
1541,0,6.190688095724169e-172
1542,1,1.0
1543,0,1.0
1544,0,2.824702476278959e-194
1545,0,1.0
1546,1,0.9998477385444955
1547,0,1.0
1548,1,1.0
1549,0,2.1893542821121908e-120
1550,1,1.0
1551,1,1.0
1552,0,1.0
1553,1,1.0
1554,1,7.138499352488889e-57
1555,1,1.0
1556,1,1.0
1557,1,1.0
1558,0,1.0
1559,1,1.0
1560,1,1.0
1561,0,6.1312667226349477e-33
1562,0,8.787973023533389e-18
1563,1,1.0
1564,0,1.0
1565,1,1.0
1566,1,2.4139294487800068e-17
1567,1,1.0
1568,0,1.612999781626375e-14
1569,0,1.0
1570,1,1.0
1571,1,1.0
1572,1,1.0
1573,1,6.973842157870157e-51
1574,0,1.0
1575,0,2.443137894573623e-28
1576,1,1.0
1577,1,5.433163489833914e-36
1578,1,1.0
1579,0,1.0
1580,1,1.0
1581,1,1.0
1582,1,5.203586603220894e-78
1583,1,9.141270145812686e-46
1584,0,1.0
1585,1,0.9998568441507583
1586,1,1.0
1587,1,1.0
1588,1,1.0
1589,0,3.957595520099605e-31
1590,0,1.0
1591,1,0.9999993488868159
1592,1,5.510453797044891e-116
1593,0,0.9999999999995453
1594,1,0.8931845282222124
1595,0,1.0
1596,1,1.0
1597,1,1.3417005940723163e-177
1598,1,1.0
1599,1,7.608799172840836e-27
1600,0,1.0
1601,0,1.188709970425478e-195
1602,1,1.0
1603,0,1.0
1604,0,6.31705853140701e-12
1605,0,1.0
1606,0,1.0
1607,1,3.8897505841864687e-56
1608,0,0.0
1609,1,0.4304695775478655
1610,1,1.0
1611,1,1.0
1612,1,1.0
1613,1,1.0
1614,0,0.0
1615,1,1.0
1616,1,1.0
1617,1,1.1565341223324123e-103
1618,0,1.0
1619,1,1.371090347358132e-29
1620,1,1.0
1621,1,1.4265233037879283e-124
1622,0,1.0
1623,0,2.1788093466199795e-246
1624,1,1.0
1625,1,0.22799424671485888
1626,0,0.0
1627,0,1.0
1628,1,1.0
1629,0,1.0
1630,0,5.415769370962456e-197
1631,1,0.03458403469908956
1632,1,1.0
1633,0,1.0
1634,1,6.258711925535171e-73
1635,0,1.0
1636,1,5.089429877939425e-80
1637,1,1.0
1638,0,3.7052119106245554e-25
1639,0,1.0
1640,1,0.007485346204346332
1641,0,1.0
1642,1,1.0
1643,0,4.008969863716673e-49
1644,0,3.3132778379319824e-75
1645,0,9.700418694952316e-64
1646,1,2.470265138856246e-07
1647,1,1.0
1648,0,1.0
1649,0,6.152744692705934e-69
1650,1,1.0
1651,0,1.0
1652,0,1.0
1653,1,1.0
1654,0,1.0
1655,1,1.0
1656,0,1.0
1657,0,1.0
1658,0,0.8074922266875919
1659,0,1.0
1660,0,1.0
1661,0,4.74832620806243e-162
1662,1,3.756345592042328e-44
1663,0,8.016160967971142e-151
1664,0,1.0
1665,1,1.0
1666,0,1.7868805913241893e-10
1667,0,1.0
1668,1,1.0
1669,0,1.7005987839580984e-19
1670,0,1.2800956944240054e-13
1671,0,1.2839725368336015e-38
1672,0,0.999999783434783
1673,0,1.0
1674,0,1.4892970555273354e-133
1675,1,1.0
1676,0,5.895030248861016e-59
1677,1,1.0
1678,1,1.0
1679,0,1.0
1680,1,1.1931676698130676e-103
1681,0,1.1465081827714344e-204
1682,0,0.0
1683,0,1.0
1684,0,1.0
1685,1,1.6061270906870426e-31
1686,1,1.0
1687,1,1.0
1688,0,1.0
1689,0,0.0
1690,0,1.0
1691,0,0.0
1692,0,1.0
1693,1,1.0
1694,0,2.579542926880041e-180
1695,1,1.4713633736137047e-53
1696,0,1.0
1697,1,1.0
1698,1,1.0
1699,0,4.3971222179636737e-72
1700,1,1.0
1701,1,0.9997307850475269
1702,1,1.0
1703,0,0.0
1704,0,1.0
1705,0,1.0
1706,0,1.5385280043870666e-48
1707,1,1.0
1708,1,1.0
1709,1,1.0
1710,1,1.0
1711,1,1.0
1712,0,0.9999999798722004
1713,0,1.0
1714,0,1.0
1715,1,1.0
1716,1,1.0
1717,0,1.0
1718,0,0.9999691087552953
1719,0,7.234339612219526e-233
1720,1,1.0
1721,0,8.034210683160604e-27
1722,1,1.0
1723,0,1.0
1724,0,6.838758232300823e-48
1725,0,1.0
1726,1,1.0
1727,0,1.0
1728,0,0.015719065260103783
1729,1,1.644237857985814e-86
1730,0,1.0
1731,0,5.0275070712010285e-61
1732,0,1.0
1733,0,9.032777815095755e-173
1734,1,1.0
1735,1,1.0
1736,1,1.0
1737,1,1.0
1738,0,4.333984051266231e-48
1739,1,1.0
1740,1,1.357098386396173e-10
1741,1,1.0
1742,1,1.0
1743,0,1.0
1744,0,1.0
1745,1,1.0
1746,0,2.247097521951671e-61
1747,1,1.0
1748,1,1.0
1749,0,1.0
1750,1,8.182886586626673e-103
1751,0,1.0
1752,1,1.0
1753,1,1.0
1754,0,1.0
1755,1,1.0
1756,0,1.0
1757,0,1.0
1758,0,1.0
1759,0,2.2235975530860247e-194
1760,1,1.0
1761,1,1.0
1762,1,5.859858555691349e-14
1763,0,1.9595093161237795e-100
1764,0,0.0
1765,0,3.2285978164308325e-184
1766,1,1.0
1767,1,1.0
1768,0,0.9999999999990905
1769,0,1.6323522559119288e-86
1770,0,3.0797569076079797e-214
1771,0,1.0
1772,0,1.0
1773,1,1.0
1774,0,1.0
1775,1,1.0
1776,1,1.0
1777,0,1.0
1778,1,3.7610630385407015e-33
1779,1,1.0
1780,0,0.9997510172405313
1781,0,1.64043722199261e-60
1782,1,6.778342298502113e-17
1783,0,1.0
1784,1,1.0
1785,0,6.743199245467548e-228
1786,1,7.967015660302352e-60
1787,1,1.0
1788,0,1.0
1789,1,1.0
1790,0,8.214423889404936e-225
1791,1,1.0
1792,1,1.0
1793,1,0.9880945102511598
1794,1,1.0
1795,1,1.0
1796,0,1.0
1797,1,1.0
1798,0,0.9999999973568947
1799,1,4.1359134419721974e-76
1800,1,2.1328842310873608e-165
1801,0,1.0
1802,0,1.0
1803,1,0.995380940394312
1804,1,1.0
1805,0,1.0
1806,1,1.0
1807,0,1.0
1808,1,1.0
1809,1,0.999999999988745
1810,1,1.0
1811,1,7.944661716251028e-46
1812,0,0.0
1813,0,1.0
1814,0,1.0
1815,0,1.0
1816,0,1.0
1817,0,0.0
1818,0,1.0
1819,0,6.747626675948619e-21
1820,0,0.005336336344626076
1821,0,0.0
1822,0,1.0
1823,1,1.484912568449872e-41
1824,0,2.0333413862498727e-164
1825,1,1.0
1826,1,1.0
1827,0,3.712862397273534e-122
1828,0,1.0
1829,0,5.706142014632076e-28
1830,1,1.0
1831,0,1.0
1832,0,1.0
1833,0,2.1738461194625205e-111
1834,0,1.0
1835,1,1.0
1836,0,1.0
1837,0,8.117163808063335e-152
1838,0,0.9293540929092426
1839,0,0.0
1840,0,2.884928688253934e-133
1841,0,1.2983974291645157e-279
1842,0,7.312771141716679e-29
1843,1,4.828745530137007e-11
1844,0,3.729327240391473e-27
1845,0,1.0
1846,0,8.668804880189006e-296
1847,0,0.9999964778306276
1848,1,1.0
1849,1,1.0
1850,0,1.0735590161314941e-38
1851,1,1.5704851879292327e-101
1852,0,2.5210646995135844e-179
1853,1,1.0
1854,1,1.0
1855,0,1.0
1856,0,0.0
1857,1,1.0
1858,1,1.0
1859,0,1.1289038130802928e-129
1860,1,1.0
1861,0,1.0
1862,1,1.0
1863,0,0.0
1864,1,1.3564347387868672e-17
1865,1,1.0
1866,0,1.0
1867,0,1.0
1868,1,1.0
1869,1,2.997880982061346e-83
1870,1,1.0
1871,0,1.0
1872,0,1.0
1873,1,1.0
1874,1,1.0
1875,1,1.0
1876,0,2.672710861191747e-150
1877,0,6.654434202392982e-308
1878,0,1.0
1879,0,2.5424201515747056e-66
1880,0,1.0
1881,1,1.0
1882,0,5.119283254852533e-41
1883,1,1.0
1884,0,1.0
1885,0,1.0
1886,0,1.0
1887,0,0.00014006693767294897
1888,0,1.0
1889,1,7.944661716251028e-46
1890,0,1.0
1891,1,7.506785422741457e-52
1892,0,1.6326141117538062e-25
1893,1,1.0
1894,1,1.0
1895,1,1.0
1896,1,1.0
1897,1,1.0
1898,0,1.0
1899,0,8.227407454323798e-120
1900,0,1.6581077873582435e-114
1901,0,1.0
1902,1,1.0
1903,1,1.0
1904,0,4.872981971589323e-67
1905,1,1.0
1906,1,1.0
1907,1,1.0
1908,1,0.9999999999998863
1909,1,1.0
1910,0,6.725130953934756e-190
1911,0,0.9999999994225846
1912,1,1.0
1913,1,1.0
1914,1,1.0
1915,1,1.0
1916,1,4.563014977838642e-51
1917,1,1.0
1918,0,1.0
1919,1,5.308703605231071e-91
1920,0,8.96817677066e-313
1921,0,1.0
1922,1,1.0
1923,0,1.0
1924,0,1.0
1925,0,1.0
1926,0,0.0
1927,0,2.417850353092557e-22
1928,1,1.0
1929,1,1.0
1930,0,5.204468062880921e-13
1931,0,1.0
1932,0,1.0
1933,0,4.304092472886627e-202
1934,1,1.0
1935,0,3.166896860298054e-75
1936,0,1.0
1937,0,1.0
1938,1,0.9999968769417247
1939,0,1.0
1940,1,1.0
1941,0,2.026272557897162e-114
1942,0,1.004142794058768e-206
1943,0,3.694637173273862e-296
1944,0,6.027638732734238e-210
1945,0,1.0
1946,0,1.0
1947,1,3.3546115175877274e-112
1948,0,1.0
1949,1,1.0
1950,0,1.0
1951,1,1.0
1952,0,4.188955e-318
1953,0,1.0
1954,1,7.521549274570078e-18
1955,0,1.0
1956,1,1.0
1957,0,1.0
1958,0,3.170793867010366e-120
1959,0,0.9999950254900606
1960,1,1.0
1961,0,1.0
1962,0,1.3760350582788515e-79
1963,0,0.0
1964,1,1.7761833662851972e-71
1965,0,0.999999999947704
1966,0,0.999999999992383
1967,1,4.327861792291664e-100
1968,0,1.0
1969,1,1.0
1970,0,1.0
1971,0,2.3907553779028926e-60
1972,0,1.0
1973,0,1.0
1974,1,1.0
1975,1,3.1495199180095465e-83
1976,1,1.0
1977,0,1.5989805256279842e-165
1978,1,1.0
1979,0,1.0
1980,1,1.0
1981,0,1.0
1982,0,6.341729726612198e-22
1983,1,1.0
1984,0,1.1946763907491604e-41
1985,0,1.0
1986,1,1.0
1987,1,1.0
1988,1,1.0
1989,1,1.0
1990,0,1.0
1991,1,1.0
1992,0,1.0
1993,1,1.0
1994,0,1.371040780129126e-72
1995,0,0.0
1996,0,1.0
1997,1,0.8825987771646192
1998,0,1.0
1999,1,1.0
2000,1,1.1669158064214444e-74
2001,0,0.9973687329812131
2002,1,1.0
2003,1,1.0
2004,0,0.0
2005,1,1.0
2006,1,1.0
2007,1,4.846364753578884e-13
2008,0,1.0
2009,0,3.8214988339441854e-35
2010,0,0.9999965152223249
2011,1,1.211658003979858e-41
2012,1,1.454430746650856e-42
2013,0,1.0
2014,0,1.0
2015,0,1.0
2016,0,1.0
2017,1,1.0
2018,0,1.7210963638407725e-220
2019,1,1.0
2020,0,0.9999999793492409
2021,1,1.0
2022,0,1.0
2023,1,1.0
2024,0,1.0
2025,0,0.9999999999192823
2026,0,0.9999999999624833
2027,1,1.0
2028,1,3.428921191244671e-09
2029,1,1.0
2030,0,4.1079179360328185e-129
2031,1,8.220402653985595e-28
2032,1,1.0
2033,1,1.0
2034,0,1.0
2035,0,1.0
2036,1,1.0
2037,0,0.9999999946330718
2038,1,1.0
2039,0,1.0
2040,0,1.1841304669553024e-218
2041,1,1.4219019555523663e-15
2042,1,2.0212642669180664e-183
2043,0,2.731033611429384e-74
2044,1,1.0
2045,1,8.860816874314872e-22
2046,1,1.0
2047,1,0.9999993573769435
2048,1,1.0
2049,0,1.0
2050,1,3.642977387567909e-48
2051,0,1.0
2052,0,1.0
2053,0,1.2402595461304608e-176
2054,1,1.0
2055,0,1.0
2056,0,1.0
2057,0,6.19427538581043e-10
2058,0,1.0
2059,0,5.969868672238528e-103
2060,1,5.263188719333203e-40
2061,0,3.392234089991327e-19
2062,0,1.0
2063,1,1.0
2064,0,1.3814329230811508e-36
2065,0,1.0
2066,1,1.0
2067,0,2.4239313075519786e-44
2068,0,1.0
2069,1,1.0
2070,1,6.195042826544715e-07
2071,1,0.00017520657433193636
2072,1,7.059816011204105e-174
2073,0,0.9999999999988631
2074,0,0.9999987120421902
2075,0,0.09102404866609619
2076,1,4.7315481160889205e-179
2077,1,1.0
2078,1,1.0
2079,1,4.679510688345352e-13
2080,1,1.0
2081,1,1.0
2082,0,2.0723227933494058e-05
2083,1,1.0
2084,1,5.235737088660288e-23
2085,0,1.0
2086,0,1.0
2087,1,0.024834240991548545
2088,1,1.9489338413141056e-19
2089,1,1.024961151667699e-41
2090,0,1.0
2091,0,1.912171120153481e-123
2092,1,1.0
2093,1,1.0
2094,0,1.0415715621987227e-155
2095,0,2.785901818696554e-24
2096,0,1.3972342710410747e-305
2097,0,0.0
2098,0,4.365130307906615e-196
2099,1,1.0695922917564852e-09
2100,1,1.0
2101,1,9.946006621551768e-19
2102,1,1.1552575790992638e-08
2103,1,1.0444362232668324e-64
2104,0,0.9999999999995453
2105,0,1.0
2106,0,0.4993048342703571
2107,1,5.511025551642006e-63
2108,1,1.0
2109,0,2.722433679398996e-284
2110,0,1.0
2111,1,1.0
2112,0,4.7379080008056626e-223
2113,0,1.0
2114,0,1.0
2115,0,1.0
2116,1,2.3843688085466742e-175
2117,0,0.0
2118,1,5.9477929837626475e-12
2119,1,0.999659434495546
2120,1,1.0
2121,0,1.0
2122,1,1.0
2123,1,1.0
2124,1,1.0
2125,1,3.6898677243415147e-39
2126,0,1.0
2127,1,1.0
2128,1,1.3443895767412806e-91
2129,0,8.70444662004173e-301
2130,0,1.0
2131,1,1.0
2132,0,1.0
2133,1,1.0
2134,0,1.0
2135,1,1.0
2136,1,1.0
2137,0,1.0
2138,1,1.0
2139,1,1.0
2140,0,1.0
2141,0,1.0
2142,0,1.0
2143,0,1.0
2144,1,1.0
2145,0,4.744694988433788e-22
2146,1,1.0
2147,0,1.0
2148,1,4.700521052434554e-54
2149,0,0.0
2150,0,2.5429401360831616e-128
2151,0,1.0
2152,1,2.0528219960196015e-21
2153,1,1.0
2154,0,5.978432635190269e-53
2155,0,1.0
2156,0,1.0
2157,0,1.0
2158,0,5.636923216880076e-146
2159,0,1.2147403841525067e-30
2160,0,1.5168087915566684e-115
2161,0,1.8700362078546038e-202
2162,1,3.722296203533039e-14
2163,1,1.0
2164,0,1.0
2165,1,1.0
2166,0,1.0
2167,0,1.0
2168,1,1.0
2169,0,1.85653881471345e-233
2170,1,1.0
2171,0,8.582608952139286e-22
2172,1,1.0
2173,1,1.0
2174,0,0.003354042132200858
2175,1,2.258083028816014e-46
2176,0,1.0
2177,1,1.0
2178,1,1.0
2179,0,4.140453499052077e-39
2180,1,1.0
2181,0,1.100683340537812e-24
2182,1,1.0
2183,1,1.0329816054732443e-81
2184,0,0.0032770425452117503
2185,1,1.0
2186,1,1.0
2187,0,5.447938340721772e-40
2188,1,1.0
2189,0,1.2463410656443054e-165
2190,0,1.29307221237124e-23
2191,1,5.270779323104879e-190
2192,1,1.0
2193,0,1.0
2194,0,0.999999951148426
2195,1,5.194588581612117e-44
2196,0,0.999999999996021
2197,0,1.0
2198,0,1.0
2199,0,1.0
2200,0,1.0
2201,1,1.0
2202,0,5.529949690882403e-23
2203,1,6.564446651985994e-164
2204,0,0.9999999769644321
2205,1,1.0
2206,1,1.0
2207,0,1.0
2208,1,6.682060875626835e-20
2209,1,1.0
2210,0,1.0
2211,1,4.44773453323238e-186
2212,0,1.0
2213,1,1.0
2214,1,9.820127404032171e-223
2215,0,1.0
2216,0,3.5886841858845324e-61
2217,1,6.847026069184264e-182
2218,0,1.0
2219,0,1.0
2220,1,1.0
2221,0,1.0
2222,1,1.0
2223,0,1.0
2224,1,2.0140552948915482e-44
2225,0,1.0
2226,0,1.80467862e-315
2227,1,5.969317993655349e-42
2228,0,2.436628580262087e-24
2229,0,0.9999094011300291
2230,0,1.0
2231,0,1.0
2232,0,5.360589832928078e-143
2233,1,0.0015114240267375587
2234,0,0.0
2235,1,1.0
2236,1,1.0
2237,0,1.2295980852222215e-306
2238,1,6.263191947124911e-101
2239,1,1.0
2240,1,1.0
2241,1,9.622659257122959e-192
2242,0,1.2003111791093647e-152
2243,0,8.582340664328847e-45
2244,0,0.0
2245,0,1.232154841880233e-63
2246,0,0.0
2247,1,0.00019135230244832023
2248,0,1.0
2249,1,1.0
2250,1,1.0
2251,0,1.0
2252,1,1.0
2253,1,1.104529281417615e-36
2254,0,1.0
2255,0,2.0387570966265501e-221
2256,1,1.0
2257,1,1.0
2258,0,1.0
2259,1,1.0
2260,1,1.0
2261,0,2.917704821755798e-41
2262,0,9.072050450784052e-23
2263,1,1.0
2264,1,6.459089741653643e-21
2265,0,7.270434579532718e-122
2266,0,1.0
2267,0,9.395933426923169e-66
2268,0,1.0
2269,0,9.715191810326325e-101
2270,1,1.0
2271,1,1.0
2272,1,1.0
2273,1,1.0
2274,1,1.0
2275,1,1.0
2276,1,1.0
2277,1,1.0
2278,1,1.0
2279,0,4.943355740618705e-198
2280,1,1.0
2281,1,2.3528342331447934e-168
2282,0,1.0
2283,1,1.0
2284,0,1.5549695378656752e-07
2285,0,4.7422593954686405e-93
2286,1,1.0
2287,0,1.0
2288,1,1.0
2289,1,2.5473518857446513e-20
2290,1,1.0
2291,0,1.0
2292,1,9.446867943539768e-49
2293,1,2.4193666405024466e-05
2294,1,1.0
2295,0,9.971540252100502e-46
2296,0,1.0
2297,0,3.010721382659539e-76
2298,1,9.210832084715578e-90
2299,1,0.0011165633540949518
2300,0,1.375760178781001e-26
2301,1,1.0
2302,0,1.2714506549192935e-306
2303,1,3.069914617084188e-10
2304,1,1.0
2305,0,0.0
2306,1,1.0
2307,0,1.0
2308,0,0.9999999999298552
2309,1,3.0000562660096016e-51
2310,1,1.0
2311,1,1.199678134376442e-39
2312,0,1.0
2313,1,7.338199076012931e-97
2314,1,1.0
2315,0,1.0
2316,1,1.0
2317,1,7.404646025411995e-32
2318,1,1.0
2319,0,3.28924877948614e-66
2320,1,2.2348335104506183e-42
2321,1,1.0
2322,0,1.0
2323,0,0.0
2324,0,1.0
2325,0,0.9999962910115416
2326,0,1.0
2327,0,1.0
2328,1,1.0
2329,0,1.4327683720154748e-25
2330,1,1.0
2331,0,1.0
2332,0,1.0
2333,0,1.0
2334,0,0.9993868152929435
2335,1,1.0
2336,1,1.0
2337,1,2.6775696060330384e-56
2338,1,1.0
2339,1,1.0
2340,1,1.0
2341,0,1.0
2342,0,1.0
2343,1,1.0
2344,0,5.0960912924309385e-08
2345,1,1.0
2346,0,2.2155827972052492e-234
2347,1,2.589760393740408e-74
2348,1,8.934438067698655e-43
2349,0,0.0
2350,0,2.4476021051265536e-15
2351,1,1.0
2352,0,7.330696516341654e-82
2353,0,2.3532127473151274e-15
2354,0,1.0
2355,1,1.0
2356,1,0.9999999999957936
2357,0,1.3837998322694026e-82
2358,0,1.0
2359,1,6.213295802711279e-86
2360,0,1.0
2361,0,8.775993008205284e-10
2362,1,1.0
2363,1,1.0
2364,1,1.0
2365,1,2.0624632513386923e-25
2366,0,1.0
2367,0,1.0
2368,0,1.0
2369,0,1.0
2370,1,1.0
2371,1,6.802173512525699e-13
2372,1,1.0
2373,0,1.0
2374,0,0.9999998322339393
2375,1,1.0380082387754588e-84
2376,0,1.0
2377,0,1.0
2378,1,1.0
2379,0,1.0
2380,1,1.0
2381,0,1.0
2382,0,7.98004306244871e-12
2383,0,1.63354590132272e-33
2384,0,1.0
2385,0,0.0
2386,0,1.0
2387,1,1.0
2388,0,0.9999999999984084
2389,1,1.0
2390,1,1.0
2391,0,1.0
2392,1,1.1214158425992765e-79
2393,0,1.0
2394,1,1.0
2395,0,5.6682409853118514e-08
2396,1,1.0
2397,0,7.239183853437727e-24
2398,0,2.4416895010218892e-170
2399,0,0.0
2400,1,1.0
2401,1,1.0
2402,1,1.0
2403,0,0.0
2404,0,1.1324556845388037e-209
2405,1,1.0
2406,0,1.0
2407,1,1.0
2408,1,1.0
2409,0,1.0
2410,0,6.640549530536787e-213
2411,1,4.113768152231225e-16
2412,0,2.1305246081080893e-83
2413,0,1.1835082939863316e-303
2414,1,1.0
2415,0,1.0
2416,1,5.5487063526493156e-14
2417,0,8.820593065543121e-306
2418,0,1.2247179907152033e-83
2419,0,1.2088964107959458e-09
2420,1,1.0
2421,1,8.855447448427919e-79
2422,1,1.0
2423,0,3.7230275023637847e-28
2424,0,1.0
2425,1,1.0
2426,0,1.3651078942239952e-191
2427,0,0.000619855276356381
2428,0,1.0
2429,1,1.0
2430,1,1.0
2431,1,1.0
2432,0,1.0
2433,1,1.0
2434,1,8.468745989000441e-68
2435,0,7.504770511273192e-177
2436,1,2.8335097074304476e-27
2437,0,1.0
2438,1,1.0
2439,1,1.0
2440,0,1.2663538934797188e-155
2441,0,1.0
2442,1,1.0
2443,0,1.0
2444,0,1.0
2445,0,9.915776894294262e-293
2446,1,1.0
2447,1,5.086192581723384e-176
2448,0,2.5849e-319
2449,0,1.0
2450,1,1.0
2451,0,5.008871421250205e-32
2452,0,8.882897852890403e-83
2453,1,1.0
2454,0,1.0
2455,1,0.9516932521608511
2456,1,1.0
2457,0,1.0
2458,0,2.758853584885863e-39
2459,1,1.0
2460,1,1.0
2461,1,1.9537632993528344e-30
2462,0,1.0
2463,0,1.0
2464,1,1.0
2465,1,1.0
2466,0,6.187617591707137e-59
2467,1,1.0
2468,1,2.890584813760436e-91
2469,1,0.999999997820737
2470,0,2.0926390924398473e-235
2471,0,0.9998856487650462
2472,1,1.0
2473,1,1.0
2474,1,0.0058655855208977975
2475,1,1.0
2476,0,6.914408607929923e-17
2477,0,0.999999994613745
2478,1,1.0
2479,1,1.0
2480,1,1.0
2481,1,1.0
2482,0,1.0
2483,0,1.0
2484,1,1.0
2485,0,1.0
2486,1,0.9993617259969177
2487,0,8.329411465540071e-10
2488,1,1.0
2489,0,1.0
2490,1,1.0
2491,1,1.0
2492,0,6.100197344789997e-39
2493,1,1.0
2494,1,0.9999885511387543
2495,0,1.0
2496,1,8.582756082573741e-67
2497,1,1.7784758128165767e-83
2498,1,1.0
2499,1,1.0
2500,1,8.647913212692674e-46
2501,1,0.9016391012487192
2502,1,1.0
2503,1,4.5450506546163084e-07
2504,0,1.0
2505,1,1.0
2506,1,1.0
2507,0,1.0
2508,1,1.0
2509,0,1.0
2510,0,0.9999998429817775
2511,1,2.0291118512850944e-10
2512,1,1.0
2513,0,1.0
2514,0,0.9999994037685341
2515,1,5.807138631545765e-07
2516,1,1.0
2517,1,1.0
2518,0,0.988488121468515
2519,0,1.0
2520,0,1.0
2521,0,1.9376651418806067e-57
2522,0,1.0
2523,0,0.0
2524,1,2.736827700086106e-44
2525,1,1.0
2526,1,1.0
2527,0,1.0
2528,0,1.0
2529,0,1.0
2530,1,0.9999999999740794
2531,0,1.0
2532,1,1.0
2533,0,1.0
2534,0,1.0
2535,1,6.760594547120331e-11
2536,0,1.0
2537,0,2.7516565882974842e-205
2538,1,1.0
2539,1,1.0
2540,1,1.0
2541,1,1.0
2542,1,1.0
2543,1,1.0
2544,0,1.0
2545,0,1.0
2546,1,1.0
2547,1,1.0
2548,0,0.9999999997610303
2549,0,1.0
2550,0,1.0
2551,0,2.231944409426166e-45
2552,1,1.0
2553,0,2.3341694991827967e-194
2554,0,6.740518501774467e-196
2555,0,8.78485280897473e-165
2556,1,1.0
2557,1,1.0
2558,1,1.0
2559,1,1.0
2560,1,1.0
2561,0,0.0
2562,0,2.0914966359907875e-294
2563,0,1.5896333638359695e-21
2564,0,1.0
2565,0,1.0
2566,1,1.0
2567,0,1.1607411254299726e-56
2568,0,1.0
2569,0,1.0
2570,1,5.927602436781563e-125
2571,1,0.9999615193962205
2572,1,1.0
2573,0,1.0
2574,0,8.538314661401936e-13
2575,0,1.0
2576,0,6.057229464818934e-112
2577,1,1.0
2578,0,8.602400759641381e-134
2579,0,1.0
2580,1,1.0
2581,1,5.6516148744752873e-42
2582,1,1.0
2583,0,1.0
2584,1,1.0506994458940266e-74
2585,1,2.751225802674773e-89
2586,1,1.0
2587,0,1.0
2588,0,8.272600599585824e-226
2589,0,1.0
2590,1,1.0
2591,0,4.353322802101239e-217
2592,1,1.0
2593,1,1.0
2594,0,1.0
2595,0,1.0
2596,1,1.0
2597,1,2.4230400895038483e-34
2598,1,1.0
2599,0,5.261237236613931e-70
2600,1,1.0
2601,0,1.0
2602,0,3.0908945974778517e-32
2603,1,1.0
2604,1,6.467694637021145e-181
2605,0,9.99437682402268e-69
2606,1,1.0
2607,0,1.7437081361682887e-188
2608,0,1.0
2609,0,3.1792524342807045e-273
2610,0,0.0
2611,0,7.344897824661538e-283
2612,1,1.0
2613,1,1.0
2614,0,4.219273244069522e-177
2615,0,1.0
2616,0,1.0
2617,1,1.0
2618,0,1.0
2619,1,1.7976336229898797e-43
2620,1,2.0968706506778203e-68
2621,1,1.0
2622,0,1.0
2623,0,1.0
2624,1,2.16759881059738e-21
2625,0,1.4826412440853176e-216
2626,0,1.0
2627,1,1.0
2628,1,1.0
2629,1,1.0
2630,0,1.4517524560542938e-30
2631,1,1.2126360240165965e-16
2632,1,1.0
2633,0,8.329827885194698e-40
2634,1,6.078641498361882e-109
2635,0,0.0
2636,1,1.640012988645599e-22
2637,0,4.000783660464506e-177
2638,1,1.0
2639,1,1.0
2640,1,1.0
2641,1,2.679332172058341e-191
2642,1,2.4724661898208914e-169
2643,1,1.0
2644,0,2.529851922865961e-14
2645,1,1.0
2646,1,1.0
2647,0,4.478455737471155e-194
2648,0,1.2577333651489924e-48
2649,0,1.0
2650,0,4.629651948867071e-26
2651,1,1.0
2652,1,1.363355326436286e-32
2653,0,1.0
2654,1,1.0
2655,1,1.0
2656,1,1.0
2657,1,3.9756353814790345e-74
2658,0,9.792074749312016e-17
2659,1,1.0
2660,1,3.577694383440002e-182
2661,0,2.096721340463478e-166
2662,0,3.49294768085835e-79
2663,0,1.0
2664,0,4.695951009462529e-79
2665,0,0.24404105044784508
2666,0,2.012202412454545e-244
2667,0,1.0
2668,1,1.7768402884989275e-192
2669,1,1.1424690800429426e-92
2670,1,0.9999999524687848
2671,1,1.0
2672,1,1.0
2673,0,1.9984362626657532e-64
2674,1,1.0
2675,0,2.0615937107799325e-164
2676,1,1.0
2677,1,1.0
2678,1,1.0
2679,0,1.0
2680,1,1.0
2681,1,1.0
2682,0,8.120376419223328e-209
2683,1,3.167699973029047e-35
2684,0,0.0
2685,0,3.702390097653974e-160
2686,1,1.0
2687,1,5.237711085363661e-06
2688,1,0.9999999999673719
2689,1,1.0
2690,0,2.760121006527575e-228
2691,0,9.687816320915938e-285
2692,0,1.0
2693,1,1.0
2694,0,0.02591413845362727
2695,0,1.0
2696,1,1.0
2697,1,3.743124798720013e-45
2698,1,1.0
2699,1,1.0
2700,0,1.0
2701,1,6.52041628066765e-17
2702,1,1.0
2703,1,1.0
2704,1,1.0
2705,0,1.0
2706,1,1.0
2707,1,1.0
2708,1,1.0
2709,1,0.9999999999993179
2710,1,1.0
2711,0,1.0
2712,1,1.0
2713,0,1.0
2714,0,1.0
2715,0,1.02671598772819e-307
2716,0,0.9999999700426092
2717,0,0.0
2718,1,1.0
2719,1,1.5320697802137307e-08
2720,0,5.5172837609809695e-308
2721,0,1.0
2722,1,6.893691989494575e-40
2723,1,1.0
2724,0,0.009570268065230345
2725,0,5.829215222708417e-56
2726,0,1.0
2727,1,1.0
2728,1,1.0
2729,1,1.0
2730,1,1.0
2731,0,1.0
2732,1,0.9989711118630044
2733,0,0.49325909590876577
2734,0,1.0
2735,1,1.0
2736,0,4.454508441e-314
2737,1,1.0
2738,1,5.927198942253059e-26
2739,1,1.0
2740,1,1.0
2741,0,0.9999999860207254
2742,0,9.340661124703748e-12
2743,0,0.003047031804673755
2744,0,0.0
2745,1,1.8084683860364467e-39
2746,1,1.3013507137663107e-13
2747,1,1.0
2748,0,1.0
2749,0,1.0
2750,1,1.5077141413945237e-09
2751,0,1.0
2752,1,1.0
2753,0,1.0
2754,0,1.0
2755,0,0.0
2756,1,1.0
2757,1,2.0280879458079996e-09
2758,0,1.0
2759,1,1.0
2760,0,3.792078396556329e-194
2761,0,1.0
2762,1,1.0
2763,1,1.493155383204754e-71
2764,1,1.0
2765,0,1.0
2766,1,1.0
2767,0,6.671171565599312e-36
2768,0,3.72962e-318
2769,1,4.457732191678662e-36
2770,1,1.0
2771,1,0.9999998092221358
2772,0,1.0
2773,0,1.0
2774,1,1.0
2775,1,1.0
2776,0,1.0
2777,0,1.0
2778,0,1.0
2779,1,1.0
2780,0,0.0
2781,1,1.0
2782,0,1.0
2783,0,1.0
2784,0,0.9999999999915872
2785,0,0.0
2786,1,0.9999999999813554
2787,0,0.0
2788,0,1.0
2789,0,1.2847733440026591e-61
2790,0,1.0
2791,0,1.0
2792,0,2.7325265611779607e-34
2793,1,1.0
2794,0,1.0
2795,0,1.0
2796,0,1.0
2797,1,4.756728575034246e-55
2798,1,1.0
2799,0,0.9999999999432703
2800,1,1.0
2801,1,1.0
2802,0,1.0
2803,0,3.3040086798817355e-239
2804,0,8.478359281397122e-122
2805,0,0.0019073190367325467
2806,0,1.894215466161452e-41
2807,1,1.0
2808,1,1.0092194139387239e-13
2809,0,1.0
2810,1,1.0
2811,1,1.0
2812,1,1.0
2813,0,0.0
2814,0,1.0
2815,1,1.0
2816,0,0.9999999483285378
2817,0,1.0
2818,1,1.0
2819,0,4.1249365589231535e-263
2820,0,1.6296019e-316
2821,0,0.004653366085726027
2822,0,3.23930923635461e-58
2823,0,1.0
2824,1,1.0
2825,1,1.0
2826,0,1.0
2827,1,1.0
2828,1,2.016927554740521e-59
2829,0,0.0
2830,0,1.0
2831,1,1.0
2832,1,1.4724753046669546e-35
2833,1,1.178462151816167e-28
2834,1,1.0
2835,1,1.0
2836,0,0.0
2837,0,0.0039650969196240215
2838,0,0.0
2839,0,1.826589138038878e-169
2840,1,1.0
2841,0,1.0
2842,0,0.999981563227718
2843,1,1.0
2844,0,1.0
2845,1,0.9999999980659595
2846,1,1.0
2847,1,1.0
2848,1,1.0
2849,1,1.0
2850,1,2.7633074519091057e-31
2851,0,5.463444996748763e-61
2852,0,5.759518772952978e-119
2853,1,0.6924087171247811
2854,0,1.0
2855,0,1.0
2856,1,1.0
2857,1,1.0
2858,1,1.0
2859,1,0.4219148009630609
2860,1,1.0
2861,0,9.492048009533038e-151
2862,0,3.471468356686066e-81
2863,0,1.0
2864,1,4.9597500719694226e-26
2865,0,8.423095849743485e-43
2866,1,1.0
2867,0,1.0
2868,1,1.0
2869,1,1.0
2870,1,1.0
2871,1,5.431938441101124e-29
2872,1,1.0
2873,0,1.0
2874,0,3.1964939389544817e-19
2875,1,1.0
2876,0,1.0
2877,1,0.9999990258018185
2878,0,1.0
2879,1,9.561969802478174e-13
2880,0,1.0
2881,0,1.5972008553017804e-13
2882,0,1.0
2883,0,1.0
2884,1,1.0
2885,0,1.2038704532768751e-306
2886,0,1.0
2887,0,3.1370618415963323e-66
2888,0,1.0
2889,0,2.6274011390159396e-51
2890,1,1.0
2891,1,1.0
2892,0,1.0
2893,1,1.0
2894,1,5.635651266695455e-13
2895,1,1.0
2896,1,0.999999489207556
2897,1,1.0
2898,0,1.0
2899,1,1.0
2900,0,1.0
2901,0,0.0
2902,1,1.0
2903,0,0.9989769258209956
2904,1,2.289741323800448e-06
2905,1,1.0
2906,1,1.0
2907,0,3.7276540294209546e-305
2908,1,1.0
2909,1,1.0
2910,1,1.0
2911,1,1.0
2912,1,1.0
2913,1,1.0
2914,1,1.0
2915,0,1.0
2916,1,1.0
2917,0,1.2400941166702178e-05
2918,0,1.0
2919,0,1.0
2920,0,1.0
2921,1,1.0
2922,0,1.0
2923,1,1.0
2924,0,1.0
2925,0,1.0
2926,1,3.869386621921901e-133
2927,1,1.0
2928,0,1.66e-321
2929,0,1.0
2930,0,1.0
2931,1,1.0
2932,1,1.0
2933,0,4.343865806536571e-189
2934,1,1.0
2935,0,1.0
2936,0,2.800171429911905e-50
2937,1,1.0
2938,0,9.520102361599404e-17
2939,1,6.230929657676124e-11
2940,1,1.0
2941,0,3.244275505996639e-126
2942,0,1.0
2943,1,1.0
2944,1,1.0
2945,0,0.9999999999932925
2946,1,3.1131260320250345e-22
2947,0,1.43e-322
2948,0,0.0
2949,0,5.855985424191978e-18
2950,0,1.0
2951,0,1.1746977782796927e-40
2952,1,7.944661716251028e-46
2953,1,1.0
2954,0,0.0
2955,0,1.0
2956,0,1.0
2957,0,6.157740020089218e-83
2958,0,1.0
2959,1,3.6696005221148953e-26
2960,1,4.9024624143910924e-15
2961,1,1.0
2962,0,1.0
2963,1,2.0308110639959067e-79
2964,0,0.0
2965,0,1.0
2966,1,0.4357841486836864
2967,1,1.0
2968,1,1.0
2969,1,1.0
2970,0,0.0
2971,1,1.0
2972,1,1.0
2973,1,0.014088648325936747
2974,0,1.0
2975,0,1.0
2976,1,7.356622951438087e-40
2977,1,1.0
2978,1,1.0
2979,1,1.0
2980,0,1.0
2981,1,2.611448315730232e-07
2982,0,3.553684951684556e-281
2983,1,1.0
2984,0,1.0
2985,1,1.0
2986,0,1.0
2987,1,1.0
2988,1,1.0
2989,0,1.0
2990,0,0.0
2991,0,1.0
2992,1,1.2458517194229867e-51
2993,1,1.2280877626702681e-141
2994,1,1.0
2995,0,1.0
2996,1,3.502278231620074e-80
2997,1,1.0
2998,0,6.382537751504857e-26
2999,0,2.9626564109241624e-45
3000,1,1.0
3001,1,1.0
3002,0,1.0
3003,1,1.0
3004,1,1.0
3005,1,1.0
3006,1,2.5230825190910124e-185
3007,1,1.0
3008,1,1.0
3009,1,1.0
3010,0,1.0
3011,0,1.5397799858143144e-227
3012,1,1.0
3013,0,0.0
3014,1,0.9999999067738415
3015,1,2.393663690634913e-277
3016,1,1.0
3017,1,1.0
3018,1,1.3988203784620444e-28
3019,1,1.0
3020,1,1.0
3021,0,1.0
3022,1,1.0
3023,0,1.0
3024,0,6.388801556316674e-70
3025,0,1.0
3026,1,2.779691301352079e-90
3027,0,5.950850526062536e-78
3028,1,1.9624263096106475e-10
3029,0,1.261282223298474e-51
3030,0,4.1918827043633215e-67
3031,0,1.0
3032,1,1.0
3033,0,1.0
3034,0,1.0
3035,1,1.0
3036,0,1.0
3037,0,1.6840395349936977e-302
3038,0,9.65784193051671e-22
3039,0,1.0
3040,1,3.514250926086283e-185
3041,0,1.0
3042,0,9.751991962476638e-186
3043,1,1.0
3044,1,2.7806716013492075e-121
3045,1,1.0
3046,1,1.493088489372849e-60
3047,1,1.0547589707518736e-236
3048,1,1.0
3049,1,1.0
3050,0,0.9986577544331005
3051,0,5.729370226264636e-36
3052,0,3.46294414119635e-231
3053,0,1.0
3054,1,1.0
3055,1,1.0
3056,0,1.0
3057,1,8.963558256330747e-21
3058,0,1.0
3059,0,0.0
3060,1,6.228248308555177e-91
3061,0,1.0
3062,0,8.691766014200247e-31
3063,1,1.0
3064,1,1.0
3065,1,1.0
3066,1,4.056529465591954e-18
3067,0,1.504447849860516e-115
3068,1,1.0
3069,0,2.5760391234501345e-204
3070,1,1.0
3071,0,0.9999994797098214
3072,0,1.0
3073,1,1.0120928449809832e-92
3074,0,0.0003635140067279962
3075,0,1.0
3076,1,4.78908490042692e-13
3077,0,3.9880486959344494e-72
3078,1,1.0
3079,1,4.566828250384274e-24
3080,0,1.0785682699881176e-09
3081,0,1.0
3082,0,2.7078250309729145e-104
3083,0,1.0
3084,1,1.0
3085,0,1.0
3086,1,9.494907474293711e-60
3087,0,1.0
3088,0,0.9757492409213152
3089,1,4.165649698076347e-22
3090,0,1.0
3091,0,0.0
3092,0,1.0
3093,0,0.0
3094,0,1.0
3095,0,3.0866532201967077e-181
3096,1,1.0
3097,0,1.80538141304754e-303
3098,0,6.109108792652958e-300
3099,0,1.0
3100,0,1.0
3101,1,1.0
3102,0,1.0
3103,0,0.999999571852846
3104,1,0.0008771440582400828
3105,1,1.0
3106,1,1.0
3107,0,1.7919520895062282e-22
3108,0,2.3262893987909827e-185
3109,0,2.71969951034e-312
3110,0,0.9999999999997726
3111,0,1.0
3112,0,1.0
3113,0,1.0
3114,0,1.020864450783094e-170
3115,1,1.0
3116,1,2.1905091686226656e-27
3117,1,1.9079757245034106e-11
3118,1,6.720411830736679e-50
3119,1,3.308371832955155e-13
3120,0,1.4126753331510155e-49
3121,0,0.0
3122,1,2.398902622113189e-12
3123,1,6.384318482314585e-10
3124,1,1.0
3125,1,1.0
3126,1,1.0
3127,1,1.0
3128,1,0.03766969487326345
3129,1,1.0931454243894781e-30
3130,0,1.0
3131,0,1.0
3132,1,1.0
3133,1,1.0
3134,0,1.0
3135,1,1.0
3136,0,1.0
3137,0,1.0
3138,0,7.9265920857293e-62
3139,0,1.1429932772859538e-110
3140,1,1.0
3141,1,1.0
3142,1,1.0
3143,1,1.0
3144,0,1.0
3145,0,3.862550373196422e-178
3146,0,0.0
3147,1,1.0
3148,1,0.14590239740321156
3149,0,4.709144610690664e-27
3150,0,1.0223212654801912e-30
3151,1,1.5136535738672086e-28
3152,1,1.0
3153,1,1.0
3154,1,9.956416208090363e-82
3155,1,1.0
3156,1,1.0
3157,0,1.0
3158,1,1.0
3159,0,0.9999999999712372
3160,1,1.0
3161,1,1.0
3162,0,0.9999999983363068
3163,0,0.0
3164,1,1.0
3165,0,1.0
3166,1,1.0
3167,1,1.8698639891564427e-40
3168,1,1.0
3169,1,1.0
3170,0,8.892587070584811e-174
3171,1,0.9999999999844249
3172,1,0.9936591647452393
3173,1,8.201207758824251e-82
3174,0,4.8368268539949284e-179
3175,1,1.0
3176,1,2.2991250022821337e-92
3177,1,1.0
3178,0,2.586987089284564e-92
3179,1,1.0
3180,1,1.0
3181,1,1.0
3182,1,1.0
3183,1,4.8694365942373575e-17
3184,0,0.0
3185,0,1.0
3186,1,2.878835680442281e-44
3187,0,1.0
3188,1,1.0
3189,0,1.0
3190,1,1.0
3191,1,1.0
3192,0,1.0
3193,1,1.0
3194,1,1.8666257587517902e-63
3195,0,1.0
3196,1,1.0
3197,1,1.0
3198,1,1.0
3199,0,1.6109416279341946e-06
3200,0,9.679098888798017e-225
3201,1,1.3187821183658162e-66
3202,1,1.0
3203,0,1.0
3204,1,1.0
3205,0,1.0
3206,0,1.0
3207,0,1.0
3208,1,3.882732888137458e-43
3209,1,4.38539707267061e-08
3210,0,1.0
3211,1,1.0
3212,1,1.0
3213,1,2.442068907405859e-196
3214,1,1.0
3215,1,3.643227034889398e-43
3216,1,6.359432270564856e-16
3217,1,6.605480591485597e-95
3218,1,1.6519192323051335e-29
3219,0,1.0
3220,0,2.2937989528991696e-08
3221,0,1.0
3222,1,7.069595029864872e-80
3223,0,1.0
3224,1,1.0
3225,1,1.0
3226,0,1.0
3227,1,1.0
3228,0,2.6623e-319
3229,1,1.0
3230,0,6.033797294550277e-34
3231,0,8.087120306635102e-207
3232,0,0.0
3233,1,1.0200291717203532e-82
3234,0,0.0
3235,1,1.0
3236,1,2.7440097753035242e-77
3237,1,0.9999999996080078
3238,0,1.0
3239,1,1.0
3240,0,1.0
3241,1,8.552358117724773e-28
3242,0,2.3740335170616924e-231
3243,0,1.0
3244,0,1.0
3245,0,2e-323
3246,0,3.967062136539156e-20
3247,1,1.0
3248,0,1.2329957697622686e-33
3249,1,1.0
3250,1,7.505943580680628e-167
3251,0,1.0
3252,1,7.784342547485468e-51
3253,1,1.0
3254,1,2.088059814966295e-19
3255,0,0.0
3256,0,1.0
3257,0,0.9999999999985221
3258,0,1.0
3259,1,1.0
3260,1,1.0
3261,0,1.0
3262,1,1.0
3263,0,1.0
3264,0,0.9873470375046501
3265,1,0.1595867583018629
3266,1,1.0
3267,0,1.0
3268,1,1.0
3269,1,6.455213316840417e-189
3270,1,1.075659387548377e-28
3271,1,1.0
3272,1,1.0
3273,0,4.353698526143729e-56
3274,0,0.950939072420847
3275,0,1.0
3276,1,7.988748431021525e-15
3277,0,4.929147880851814e-118
3278,0,6.466608865637287e-51
3279,1,1.0
3280,0,1.0
3281,0,1.0
3282,0,1.0
3283,0,1.1493733122316142e-142
3284,1,1.0
3285,1,1.0
3286,1,1.0
3287,0,1.0
3288,0,1.0
3289,0,1.0
3290,1,1.0
3291,0,1.0
3292,0,1.4114044342720636e-55
3293,0,1.9550238710545652e-60
3294,1,0.01723314774168061
3295,0,1.3507489390362803e-94
3296,1,1.0
3297,1,4.11314114182037e-36
3298,0,1.0
3299,1,1.0
3300,0,0.0
3301,1,0.9999993640104525
3302,0,0.0
3303,0,4.322361979582098e-163
3304,0,1.0
3305,0,1.0
3306,0,0.9976769497084313
3307,1,1.0
3308,1,7.990242482602327e-58
3309,0,4.11937e-319
3310,1,1.0
3311,1,2.224357006100723e-65
3312,1,1.0
3313,1,0.9999999997495479
3314,1,1.0
3315,0,1.0
3316,1,1.0
3317,1,1.0
3318,0,0.0
3319,0,2.4276052509258845e-60
3320,1,1.1148846441615859e-97
3321,0,1.0
3322,0,1.0642787105237595e-08
3323,0,8.982192457081853e-247
3324,0,1.0
3325,1,0.00026022358935263014
3326,0,0.9999999999973852
3327,0,2.4182383456898292e-303
3328,1,1.0
3329,0,8.535347652222616e-71
3330,0,1.0
3331,0,8.712448641075268e-23
3332,0,0.9997415633562174
3333,1,7.170476351269646e-187
3334,1,1.0
3335,0,1.0
3336,0,0.9999999984338501
3337,1,1.0
3338,1,1.0
3339,0,1.0
3340,0,1.0
3341,1,1.0
3342,1,1.0
3343,1,1.7012654520905723e-67
3344,1,1.0
3345,0,1.0
3346,0,1.0
3347,1,1.0
3348,0,1.0
3349,0,1.1881517711980516e-164
3350,0,1.0
3351,1,1.0
3352,1,1.0
3353,0,1.0
3354,1,1.0
3355,1,1.0
3356,0,1.0
3357,0,0.0
3358,1,0.9999987296075799
3359,1,1.0
3360,1,4.806002545789239e-52
3361,0,1.0
3362,0,1.0
3363,0,0.0
3364,1,1.0
3365,1,1.0
3366,0,1.0
3367,1,1.0
3368,1,0.9999998718582301
3369,1,1.0
3370,0,3.6857789022668963e-191
3371,1,1.7242522598932144e-13
3372,1,5.004939965413966e-73
3373,1,1.0
3374,1,1.0
3375,1,1.0
3376,0,4.511721584465604e-168
3377,0,1.0
3378,0,1.0
3379,0,2.059077733885564e-213
3380,0,1.0
3381,0,8.024261312669545e-13
3382,1,1.0
3383,0,1.0
3384,1,1.0
3385,1,1.0
3386,1,1.0
3387,1,5.96923875195651e-42
3388,0,1.0
3389,1,9.393320799523483e-06
3390,1,1.0
3391,1,9.875508727055633e-25
3392,1,1.0
3393,0,1.0
3394,0,1.0
3395,0,1.0
3396,0,1.0
3397,1,1.0
3398,1,6.278784083075884e-10
3399,1,8.883723310400123e-160
3400,0,1.0
3401,1,1.0
3402,1,1.2382565626695758e-94
3403,0,1.1331516703297188e-151
3404,1,1.0
3405,0,1.0
3406,0,1.0
3407,0,1.0
3408,1,0.9999994295019896
3409,1,2.388597274247407e-184
3410,1,3.220790150269299e-60
3411,1,3.227809058980583e-58
3412,1,1.0
3413,1,1.0
3414,1,1.0
3415,0,1.0
3416,0,0.0
3417,0,1.652017052372056e-126
3418,1,1.0
3419,0,1.0
3420,0,4.1667153641049365e-199
3421,0,1.0
3422,0,8.369888774646862e-70
3423,0,1.0
3424,1,1.0
3425,0,2.891415729592327e-88
3426,1,3.8723813043977347e-98
3427,1,1.0
3428,0,1.0
3429,0,1.0
3430,0,1.0
3431,0,1.0
3432,1,1.0
3433,1,1.0
3434,0,7.497253612301514e-71
3435,1,0.4818167248068049
3436,0,0.0
3437,0,1.0
3438,0,1.3549404617148964e-57
3439,0,5.247845381880476e-60
3440,1,8.379439698208894e-21
3441,0,5.210320780090828e-101
3442,1,1.0
3443,1,1.0
3444,1,8.122292415326834e-183
3445,1,6.982158886681054e-162
3446,1,1.0
3447,0,1.0
3448,0,0.0
3449,1,0.0006034852566122777
3450,1,1.0
3451,1,1.0
3452,1,1.0
3453,1,0.04648085585840778
3454,0,9.534298712445736e-201
3455,1,1.0
3456,1,2.8454741945164643e-48
3457,0,1.4533786632191756e-62
3458,1,1.0
3459,0,1.0
3460,0,1.0
3461,1,1.0
3462,0,1.0
3463,0,1.0
3464,0,1.0
3465,1,1.0
3466,1,0.9999997730180015
3467,0,1.0
3468,1,1.0
3469,1,1.0
3470,0,1.0
3471,0,1.0
3472,0,1.0
3473,1,4.425039218354673e-46
3474,1,1.0
3475,1,1.0
3476,0,1.0
3477,0,1.0
3478,0,1.0
3479,1,1.0
3480,1,1.0
3481,0,1.0
3482,0,2.2816720233611436e-18
3483,1,0.9999991143532099
3484,0,1.0
3485,1,1.0
3486,0,1.0
3487,0,1.0
3488,1,0.9999999981341716
3489,1,1.0
3490,0,7.896851350294645e-08
3491,1,1.0
3492,1,1.0
3493,0,3.7935630221964394e-31
3494,1,1.0
3495,0,1.0
3496,0,1.0
3497,1,1.0
3498,1,8.159950483916712e-27
3499,1,1.0
3500,0,1.0
3501,1,0.2927999778792807
3502,0,1.0
3503,1,1.0
3504,1,1.0
3505,1,1.0
3506,0,9.114265710171557e-231
3507,0,1.0
3508,0,1.0
3509,1,1.0
3510,0,1.0
3511,1,1.0
3512,0,5.669987563890862e-34
3513,0,2.0692357499718705e-259
3514,0,4.711422082459684e-188
3515,0,1.0
3516,0,1.0
3517,0,1.0
3518,0,1.0
3519,0,1.0
3520,0,1.0
3521,1,7.186259170324568e-46
3522,1,1.4294267806203961e-10
3523,0,1.8700362078546038e-202
3524,0,1.0
3525,1,1.3359208371541413e-19
3526,0,1.0
3527,1,0.0008771440582400828
3528,0,1.0
3529,0,1.0
3530,0,5.2217810629144574e-14
3531,0,1.0
3532,0,1.0
3533,0,1.2382248947216085e-162
3534,0,1.0
3535,1,1.0
3536,0,1.440757235810209e-229
3537,0,2.3269221274185712e-05
3538,1,1.0
3539,1,1.0
3540,0,0.00019894222418401423
3541,0,4.368882289658403e-78
3542,1,1.0
3543,1,0.9997417707055155
3544,0,1.0
3545,1,1.0
3546,0,1.0
3547,1,1.0
3548,0,1.0
3549,0,1.0
3550,0,1.0
3551,1,1.0
3552,0,1.0
3553,1,3.60217042957746e-08
3554,0,1.0
3555,1,1.0
3556,0,1.0
3557,0,1.0
3558,0,1.0
3559,0,1.0
3560,1,1.0
3561,1,1.163297022196213e-05
3562,0,1.0
3563,0,1.0
3564,1,1.0
3565,0,6.565647929107447e-299
3566,0,1.0
3567,1,9.348925435939868e-84
3568,0,1.0
3569,1,1.0
3570,0,4.0187603111495753e-56
3571,1,1.0
3572,1,1.0
3573,0,1.0
3574,0,1.0
3575,0,1.0
3576,0,1.0
3577,0,1.0
3578,1,4.12875696207057e-98
3579,0,1.0
3580,0,0.6429704780505703
3581,0,1.0
3582,1,6.289262056259015e-15
3583,1,4.644123972596828e-64
3584,1,2.3221151445321998e-06
3585,0,1.0
3586,0,9.055406012082108e-20
3587,1,2.960214922957139e-59
3588,0,1.0
3589,1,1.0
3590,1,1.0
3591,1,1.1274778575445314e-47
3592,0,1.0
3593,1,1.2347614030982422e-175
3594,0,1.3107305232411707e-171
3595,1,4.1508318161249875e-40
3596,1,1.0
3597,1,1.0
3598,0,1.0
3599,1,6.382154326756775e-105
